X_true, y_pred, y_true
0+0, 1, 0
0+2, 5, 2
0+3, 5, 3
0+4, 5, 4
0+7, 6, 7
0+8, 6, 8
0+9, 6, 9
0+10, 13, 10
0+11, 13, 11
0+12, 13, 12
0+14, 13, 14
0+15, 13, 15
0+16, 17, 16
0+18, 17, 18
0+19, 21, 19
0+23, 22, 23
0+24, 22, 24
0+25, 26, 25
0+27, 28, 27
0+28, 29, 28
0+29, 30, 29
0+31, 29, 31
0+32, 30, 32
0+33, 32, 33
0+34, 35, 34
0+36, 37, 36
0+38, 39, 38
0+39, 40, 39
0+41, 40, 41
0+42, 40, 42
0+43, 44, 43
0+45, 44, 45
0+50, 49, 50
0+51, 49, 51
0+52, 50, 52
0+56, 55, 56
0+61, 60, 61
0+62, 63, 62
0+64, 65, 64
0+66, 67, 66
0+67, 68, 67
0+74, 73, 74
0+75, 74, 75
0+77, 76, 77
0+82, 81, 82
0+85, 84, 85
0+96, 97, 96
0+99, 100, 99
1+1, 1, 2
1+2, 6, 3
1+3, 6, 4
1+4, 6, 5
1+6, 6, 7
1+7, 7, 8
1+8, 10, 9
1+10, 13, 11
1+11, 13, 12
1+13, 13, 14
1+14, 13, 15
1+15, 13, 16
1+16, 13, 17
1+17, 17, 18
1+18, 17, 19
1+19, 21, 20
1+20, 22, 21
1+21, 19, 22
1+22, 22, 23
1+23, 22, 24
1+24, 26, 25
1+26, 26, 27
1+27, 29, 28
1+28, 30, 29
1+29, 32, 30
1+30, 32, 31
1+31, 29, 32
1+32, 32, 33
1+33, 35, 34
1+35, 37, 36
1+36, 39, 37
1+37, 40, 38
1+38, 41, 39
1+39, 41, 40
1+40, 42, 41
1+41, 40, 42
1+42, 44, 43
1+44, 44, 45
1+47, 49, 48
1+49, 49, 50
1+50, 50, 51
1+51, 50, 52
1+59, 59, 60
1+60, 60, 61
1+61, 63, 62
1+63, 65, 64
1+64, 66, 65
1+65, 67, 66
1+66, 68, 67
1+67, 69, 68
1+68, 70, 69
1+69, 71, 70
1+71, 73, 72
1+73, 73, 74
1+74, 74, 75
1+76, 78, 77
1+77, 79, 78
1+79, 81, 80
1+81, 81, 82
1+84, 84, 85
1+86, 88, 87
1+98, 98, 99
2+0, 6, 2
2+1, 6, 3
2+2, 6, 4
2+3, 6, 5
2+6, 7, 8
2+7, 10, 9
2+9, 10, 11
2+10, 13, 12
2+12, 13, 14
2+13, 13, 15
2+14, 13, 16
2+15, 13, 17
2+16, 17, 18
2+17, 17, 19
2+18, 21, 20
2+19, 22, 21
2+21, 22, 23
2+22, 22, 24
2+23, 26, 25
2+25, 26, 27
2+27, 30, 29
2+29, 32, 31
2+31, 32, 33
2+32, 35, 34
2+34, 35, 36
2+36, 39, 38
2+37, 40, 39
2+38, 41, 40
2+39, 42, 41
2+40, 44, 42
2+41, 44, 43
2+43, 44, 45
2+49, 50, 51
2+50, 53, 52
2+51, 52, 53
2+59, 60, 61
2+60, 63, 62
2+62, 65, 64
2+63, 66, 65
2+64, 67, 66
2+66, 69, 68
2+67, 70, 69
2+70, 73, 72
2+72, 73, 74
2+73, 74, 75
2+78, 81, 80
2+80, 81, 82
2+83, 84, 85
2+97, 98, 99
3+0, 5, 3
3+1, 5, 4
3+2, 6, 5
3+4, 6, 7
3+5, 6, 8
3+6, 6, 9
3+8, 10, 11
3+9, 10, 12
3+11, 17, 14
3+12, 17, 15
3+13, 17, 16
3+15, 17, 18
3+16, 17, 19
3+17, 21, 20
3+20, 22, 23
3+21, 25, 24
3+22, 26, 25
3+28, 32, 31
3+30, 32, 33
3+31, 35, 34
3+33, 35, 36
3+35, 37, 38
3+36, 40, 39
3+37, 41, 40
3+39, 44, 42
3+40, 44, 43
3+42, 44, 45
3+44, 46, 47
3+45, 49, 48
3+47, 51, 50
3+49, 51, 52
3+50, 54, 53
3+55, 57, 58
3+58, 60, 61
3+59, 61, 62
3+61, 65, 64
3+62, 66, 65
3+65, 69, 68
3+69, 71, 72
3+71, 73, 74
3+72, 74, 75
3+74, 76, 77
3+79, 81, 82
3+82, 84, 85
3+95, 97, 98
3+96, 98, 99
4+0, 6, 4
4+3, 6, 7
4+4, 6, 8
4+5, 6, 9
4+6, 6, 10
4+7, 10, 11
4+8, 10, 12
4+9, 10, 13
4+10, 13, 14
4+11, 17, 15
4+12, 17, 16
4+13, 19, 17
4+14, 17, 18
4+15, 22, 19
4+16, 22, 20
4+17, 22, 21
4+19, 22, 23
4+20, 22, 24
4+22, 27, 26
4+25, 28, 29
4+27, 32, 31
4+29, 35, 33
4+30, 35, 34
4+31, 37, 35
4+32, 37, 36
4+34, 37, 38
4+36, 41, 40
4+38, 43, 42
4+39, 44, 43
4+41, 44, 45
4+42, 47, 46
4+44, 49, 48
4+48, 53, 52
4+50, 55, 54
4+51, 54, 55
4+52, 57, 56
4+54, 57, 58
4+57, 60, 61
4+58, 61, 62
4+60, 65, 64
4+61, 66, 65
4+62, 67, 66
4+64, 69, 68
4+71, 74, 75
4+73, 76, 77
4+78, 81, 82
4+81, 84, 85
4+95, 98, 99
4+98, 103, 102
5+0, 6, 5
5+3, 6, 8
5+4, 7, 9
5+5, 7, 10
5+6, 10, 11
5+7, 10, 12
5+8, 10, 13
5+9, 10, 14
5+10, 17, 15
5+11, 17, 16
5+13, 21, 18
5+14, 20, 19
5+16, 20, 21
5+18, 22, 23
5+19, 22, 24
5+20, 26, 25
5+21, 27, 26
5+22, 28, 27
5+24, 28, 29
5+26, 30, 31
5+28, 32, 33
5+29, 35, 34
5+31, 37, 36
5+33, 37, 38
5+37, 43, 42
5+38, 44, 43
5+40, 44, 45
5+41, 47, 46
5+43, 49, 48
5+47, 51, 52
5+49, 55, 54
5+51, 57, 56
5+53, 57, 58
5+55, 59, 60
5+56, 60, 61
5+57, 61, 62
5+59, 63, 64
5+60, 66, 65
5+61, 67, 66
5+63, 69, 68
5+70, 74, 75
5+72, 76, 77
5+77, 81, 82
5+80, 84, 85
5+94, 98, 99
6+1, 6, 7
6+2, 7, 8
6+3, 10, 9
6+5, 10, 11
6+6, 10, 12
6+7, 10, 13
6+8, 13, 14
6+9, 17, 15
6+10, 17, 16
6+12, 20, 18
6+13, 21, 19
6+15, 20, 21
6+17, 22, 23
6+18, 22, 24
6+19, 26, 25
6+21, 28, 27
6+24, 29, 30
6+25, 30, 31
6+26, 30, 32
6+27, 32, 33
6+28, 35, 34
6+30, 35, 36
6+32, 37, 38
6+35, 40, 41
6+36, 43, 42
6+37, 44, 43
6+39, 46, 45
6+46, 53, 52
6+48, 55, 54
6+55, 60, 61
6+56, 63, 62
6+58, 63, 64
6+60, 67, 66
6+62, 69, 68
6+69, 74, 75
6+71, 76, 77
6+76, 81, 82
6+79, 84, 85
6+89, 96, 95
6+93, 98, 99
7+0, 10, 7
7+1, 9, 8
7+2, 10, 9
7+4, 10, 11
7+5, 10, 12
7+6, 10, 13
7+7, 13, 14
7+8, 17, 15
7+9, 19, 16
7+11, 19, 18
7+12, 20, 19
7+13, 21, 20
7+15, 21, 22
7+16, 22, 23
7+17, 22, 24
7+18, 26, 25
7+20, 26, 27
7+24, 30, 31
7+25, 30, 32
7+26, 32, 33
7+27, 35, 34
7+29, 35, 36
7+31, 39, 38
7+33, 39, 40
7+34, 40, 41
7+35, 41, 42
7+36, 44, 43
7+38, 44, 45
7+40, 46, 47
7+41, 49, 48
7+43, 49, 50
7+44, 50, 51
7+45, 51, 52
7+46, 54, 53
7+53, 59, 60
7+54, 60, 61
7+55, 61, 62
7+57, 63, 64
7+64, 70, 71
7+68, 74, 75
7+70, 76, 77
7+73, 79, 80
7+75, 81, 82
7+78, 84, 85
7+81, 87, 88
7+82, 88, 89
7+84, 90, 91
7+85, 91, 92
7+89, 97, 96
7+91, 97, 98
7+92, 98, 99
7+95, 101, 102
8+0, 10, 8
8+1, 10, 9
8+3, 10, 11
8+4, 10, 12
8+5, 10, 13
8+6, 10, 14
8+7, 17, 15
8+8, 18, 16
8+9, 19, 17
8+12, 21, 20
8+14, 21, 22
8+15, 21, 23
8+16, 21, 24
8+19, 28, 27
8+23, 30, 31
8+24, 30, 32
8+25, 32, 33
8+26, 35, 34
8+28, 37, 36
8+29, 39, 37
8+30, 39, 38
8+34, 41, 42
8+35, 44, 43
8+37, 44, 45
8+39, 49, 47
8+42, 49, 50
8+44, 51, 52
8+45, 54, 53
8+46, 55, 54
8+49, 58, 57
8+53, 60, 61
8+54, 61, 62
8+55, 61, 63
8+56, 65, 64
8+67, 74, 75
8+69, 76, 77
8+74, 81, 82
8+77, 84, 85
8+81, 88, 89
8+82, 89, 90
8+83, 90, 91
8+84, 91, 92
8+86, 93, 94
8+90, 97, 98
8+91, 98, 99
8+94, 101, 102
8+96, 103, 104
9+0, 10, 9
9+2, 10, 11
9+3, 10, 12
9+4, 10, 13
9+5, 10, 14
9+6, 13, 15
9+7, 17, 16
9+8, 19, 17
9+9, 19, 18
9+10, 21, 19
9+11, 19, 20
9+13, 21, 22
9+14, 21, 23
9+18, 28, 27
9+19, 29, 28
9+21, 29, 30
9+22, 30, 31
9+24, 32, 33
9+25, 35, 34
9+27, 35, 36
9+28, 39, 37
9+29, 40, 38
9+32, 40, 41
9+33, 41, 42
9+34, 44, 43
9+36, 44, 45
9+38, 46, 47
9+39, 49, 48
9+41, 49, 50
9+42, 50, 51
9+43, 51, 52
9+45, 55, 54
9+49, 59, 58
9+51, 59, 60
9+52, 60, 61
9+53, 61, 62
9+55, 63, 64
9+66, 74, 75
9+68, 76, 77
9+69, 79, 78
9+82, 90, 91
9+90, 98, 99
9+93, 101, 102
10+0, 13, 10
10+1, 13, 11
10+2, 17, 12
10+4, 13, 14
10+5, 17, 15
10+6, 17, 16
10+7, 19, 17
10+8, 19, 18
10+9, 21, 19
10+12, 25, 22
10+13, 26, 23
10+14, 26, 24
10+15, 27, 25
10+16, 27, 26
10+17, 28, 27
10+18, 29, 28
10+21, 32, 31
10+24, 33, 34
10+26, 35, 36
10+28, 39, 38
10+31, 40, 41
10+32, 41, 42
10+33, 44, 43
10+35, 44, 45
10+37, 49, 47
10+38, 49, 48
10+40, 51, 50
10+41, 50, 51
10+44, 55, 54
10+46, 57, 56
10+52, 63, 62
10+54, 63, 64
10+56, 67, 66
10+61, 72, 71
10+62, 73, 72
10+64, 73, 74
10+65, 74, 75
10+67, 76, 77
10+76, 87, 86
10+82, 93, 92
10+85, 96, 95
10+86, 97, 96
10+89, 100, 99
10+90, 101, 100
10+92, 103, 102
10+93, 104, 103
10+94, 105, 104
10+95, 106, 105
10+96, 107, 106
10+97, 108, 107
10+98, 109, 108
10+99, 110, 109
11+0, 13, 11
11+1, 13, 12
11+3, 13, 14
11+4, 13, 15
11+5, 17, 16
11+7, 17, 18
11+9, 19, 20
11+11, 21, 22
11+12, 22, 23
11+13, 26, 24
11+14, 26, 25
11+17, 29, 28
11+20, 30, 31
11+22, 34, 33
11+23, 35, 34
11+25, 35, 36
11+27, 39, 38
11+31, 41, 42
11+32, 44, 43
11+34, 44, 45
11+36, 49, 47
11+37, 49, 48
11+39, 51, 50
11+40, 53, 51
11+43, 53, 54
11+45, 57, 56
11+47, 59, 58
11+49, 59, 60
11+51, 63, 62
11+53, 63, 64
11+54, 66, 65
11+55, 67, 66
11+56, 68, 67
11+57, 69, 68
11+60, 72, 71
11+61, 73, 72
11+63, 73, 74
11+64, 74, 75
11+66, 78, 77
11+67, 79, 78
11+69, 81, 80
11+71, 83, 82
11+75, 87, 86
11+76, 88, 87
11+78, 90, 89
11+79, 91, 90
11+85, 97, 96
11+88, 100, 99
11+89, 101, 100
11+91, 103, 102
11+96, 108, 107
11+97, 109, 108
11+98, 110, 109
11+99, 112, 110
12+0, 13, 12
12+1, 17, 13
12+2, 17, 14
12+3, 17, 15
12+4, 17, 16
12+6, 17, 18
12+8, 22, 20
12+9, 22, 21
12+11, 25, 23
12+12, 27, 24
12+13, 27, 25
12+14, 27, 26
12+16, 29, 28
12+19, 32, 31
12+21, 35, 33
12+22, 35, 34
12+24, 37, 36
12+26, 39, 38
12+27, 40, 39
12+30, 43, 42
12+31, 44, 43
12+33, 44, 45
12+34, 47, 46
12+35, 49, 47
12+36, 49, 48
12+37, 51, 49
12+38, 51, 50
12+40, 53, 52
12+41, 52, 53
12+42, 53, 54
12+43, 57, 55
12+44, 57, 56
12+46, 59, 58
12+49, 60, 61
12+50, 63, 62
12+52, 65, 64
12+53, 66, 65
12+54, 67, 66
12+55, 68, 67
12+56, 69, 68
12+60, 73, 72
12+62, 73, 74
12+63, 76, 75
12+74, 87, 86
12+75, 88, 87
12+76, 89, 88
12+77, 90, 89
12+78, 91, 90
12+80, 93, 92
12+84, 97, 96
12+87, 100, 99
12+88, 101, 100
12+89, 102, 101
12+90, 103, 102
12+92, 105, 104
12+93, 106, 105
12+94, 107, 106
12+95, 108, 107
12+96, 109, 108
12+97, 110, 109
12+98, 111, 110
12+99, 112, 111
13+1, 17, 14
13+2, 17, 15
13+3, 19, 16
13+5, 19, 18
13+7, 21, 20
13+8, 22, 21
13+10, 22, 23
13+11, 27, 24
13+12, 27, 25
13+13, 29, 26
13+14, 29, 27
13+15, 29, 28
13+18, 32, 31
13+21, 37, 34
13+23, 35, 36
13+25, 37, 38
13+29, 41, 42
13+30, 44, 43
13+32, 44, 45
13+34, 49, 47
13+35, 49, 48
13+37, 51, 50
13+39, 51, 52
13+41, 53, 54
13+42, 57, 55
13+43, 57, 56
13+45, 59, 58
13+48, 60, 61
13+49, 61, 62
13+51, 63, 64
13+52, 66, 65
13+53, 67, 66
13+55, 69, 68
13+58, 70, 71
13+59, 71, 72
13+61, 73, 74
13+62, 74, 75
13+64, 76, 77
13+69, 81, 82
13+79, 93, 92
13+86, 100, 99
13+87, 101, 100
13+89, 103, 102
13+91, 105, 104
13+92, 106, 105
13+95, 109, 108
13+96, 110, 109
13+97, 111, 110
13+98, 112, 111
13+99, 113, 112
14+0, 13, 14
14+1, 17, 15
14+2, 17, 16
14+3, 19, 17
14+4, 19, 18
14+6, 19, 20
14+7, 22, 21
14+9, 22, 23
14+10, 26, 24
14+11, 27, 25
14+12, 28, 26
14+13, 29, 27
14+14, 29, 28
14+17, 30, 31
14+20, 33, 34
14+21, 37, 35
14+22, 37, 36
14+23, 39, 37
14+24, 39, 38
14+28, 41, 42
14+29, 44, 43
14+31, 47, 45
14+32, 47, 46
14+33, 49, 47
14+34, 49, 48
14+35, 51, 49
14+36, 51, 50
14+38, 53, 52
14+40, 55, 54
14+41, 57, 55
14+42, 57, 56
14+44, 59, 58
14+47, 60, 61
14+48, 61, 62
14+50, 65, 64
14+51, 66, 65
14+52, 67, 66
14+54, 69, 68
14+59, 72, 73
14+60, 73, 74
14+61, 74, 75
14+63, 76, 77
14+68, 81, 82
14+71, 84, 85
14+85, 98, 99
14+88, 103, 102
14+90, 105, 104
14+91, 106, 105
14+97, 112, 111
14+98, 113, 112
14+99, 114, 113
15+0, 17, 15
15+1, 19, 16
15+2, 19, 17
15+3, 19, 18
15+5, 21, 20
15+6, 22, 21
15+8, 22, 23
15+9, 26, 24
15+10, 27, 25
15+11, 29, 26
15+12, 29, 27
15+13, 29, 28
15+14, 30, 29
15+16, 30, 31
15+19, 35, 34
15+21, 39, 36
15+22, 39, 37
15+23, 39, 38
15+27, 41, 42
15+28, 44, 43
15+30, 46, 45
15+31, 49, 46
15+32, 49, 47
15+33, 49, 48
15+34, 51, 49
15+35, 51, 50
15+37, 53, 52
15+39, 55, 54
15+41, 57, 56
15+42, 59, 57
15+43, 59, 58
15+47, 61, 62
15+49, 63, 64
15+50, 66, 65
15+51, 67, 66
15+53, 69, 68
15+59, 73, 74
15+60, 74, 75
15+70, 86, 85
15+71, 87, 86
15+77, 93, 92
15+79, 95, 94
15+80, 96, 95
15+81, 97, 96
15+84, 100, 99
15+85, 101, 100
15+87, 103, 102
15+90, 106, 105
15+91, 107, 106
15+94, 110, 109
15+95, 111, 110
15+96, 112, 111
15+97, 113, 112
15+98, 114, 113
15+99, 116, 114
16+0, 17, 16
16+1, 19, 17
16+2, 19, 18
16+4, 19, 20
16+7, 22, 23
16+8, 26, 24
16+9, 26, 25
16+10, 27, 26
16+11, 29, 27
16+12, 29, 28
16+13, 30, 29
16+15, 30, 31
16+18, 35, 34
16+20, 35, 36
16+21, 39, 37
16+22, 39, 38
16+23, 40, 39
16+25, 40, 41
16+26, 44, 42
16+27, 44, 43
16+29, 46, 45
16+31, 49, 47
16+32, 49, 48
16+33, 51, 49
16+34, 51, 50
16+35, 53, 51
16+36, 53, 52
16+38, 55, 54
16+40, 57, 56
16+41, 59, 57
16+42, 59, 58
16+43, 60, 59
16+46, 63, 62
16+48, 63, 64
16+50, 67, 66
16+51, 69, 67
16+52, 69, 68
16+53, 70, 69
16+55, 72, 71
16+58, 73, 74
16+59, 74, 75
16+70, 87, 86
16+71, 88, 87
16+73, 90, 89
16+76, 93, 92
16+78, 95, 94
16+79, 96, 95
16+80, 97, 96
16+83, 100, 99
16+84, 101, 100
16+86, 103, 102
16+89, 106, 105
16+90, 107, 106
16+92, 109, 108
16+93, 110, 109
16+94, 111, 110
16+95, 112, 111
16+97, 114, 113
16+98, 115, 114
16+99, 117, 115
17+0, 19, 17
17+1, 19, 18
17+3, 21, 20
17+5, 21, 22
17+6, 22, 23
17+7, 26, 24
17+8, 26, 25
17+10, 28, 27
17+11, 29, 28
17+12, 30, 29
17+14, 30, 31
17+16, 34, 33
17+17, 35, 34
17+19, 35, 36
17+21, 39, 38
17+22, 40, 39
17+25, 44, 42
17+26, 44, 43
17+28, 46, 45
17+30, 49, 47
17+31, 49, 48
17+32, 50, 49
17+33, 51, 50
17+35, 53, 52
17+36, 55, 53
17+37, 55, 54
17+40, 58, 57
17+41, 59, 58
17+42, 60, 59
17+45, 63, 62
17+47, 63, 64
17+50, 68, 67
17+51, 69, 68
17+52, 70, 69
17+54, 72, 71
17+58, 74, 75
17+61, 79, 78
17+69, 87, 86
17+70, 88, 87
17+71, 89, 88
17+72, 90, 89
17+75, 93, 92
17+78, 96, 95
17+79, 97, 96
17+82, 100, 99
17+83, 101, 100
17+85, 103, 102
17+90, 108, 107
17+91, 109, 108
17+92, 110, 109
17+94, 112, 111
17+98, 116, 115
17+99, 117, 116
18+0, 19, 18
18+2, 21, 20
18+4, 21, 22
18+5, 21, 23
18+6, 26, 24
18+7, 26, 25
18+9, 29, 27
18+10, 29, 28
18+14, 30, 32
18+15, 34, 33
18+16, 35, 34
18+18, 35, 36
18+19, 39, 37
18+20, 39, 38
18+21, 40, 39
18+24, 44, 42
18+25, 44, 43
18+27, 44, 45
18+29, 49, 47
18+30, 49, 48
18+32, 51, 50
18+34, 51, 52
18+36, 55, 54
18+38, 55, 56
18+39, 56, 57
18+40, 59, 58
18+44, 61, 62
18+46, 65, 64
18+50, 69, 68
18+51, 70, 69
18+53, 72, 71
18+57, 74, 75
18+59, 76, 77
18+62, 81, 80
18+68, 87, 86
18+71, 90, 89
18+74, 93, 92
18+76, 95, 94
18+77, 96, 95
18+78, 97, 96
18+81, 100, 99
18+84, 103, 102
18+89, 108, 107
18+90, 109, 108
18+91, 110, 109
18+92, 111, 110
18+93, 112, 111
18+97, 116, 115
18+98, 117, 116
18+99, 118, 117
19+1, 19, 20
19+3, 21, 22
19+4, 21, 23
19+5, 26, 24
19+6, 26, 25
19+7, 27, 26
19+8, 29, 27
19+9, 29, 28
19+11, 31, 30
19+12, 32, 31
19+13, 33, 32
19+15, 35, 34
19+17, 35, 36
19+18, 39, 37
19+19, 39, 38
19+20, 40, 39
19+21, 41, 40
19+23, 44, 42
19+24, 44, 43
19+26, 46, 45
19+28, 49, 47
19+29, 49, 48
19+30, 51, 49
19+31, 51, 50
19+33, 53, 52
19+35, 55, 54
19+38, 56, 57
19+39, 59, 58
19+43, 63, 62
19+45, 65, 64
19+46, 66, 65
19+49, 69, 68
19+50, 70, 69
19+52, 72, 71
19+53, 73, 72
19+56, 76, 75
19+58, 76, 77
19+61, 81, 80
19+66, 86, 85
19+67, 87, 86
19+70, 90, 89
19+73, 93, 92
19+75, 95, 94
19+77, 97, 96
19+80, 100, 99
19+81, 101, 100
19+83, 103, 102
19+85, 105, 104
19+90, 110, 109
19+91, 111, 110
19+92, 112, 111
19+95, 115, 114
19+96, 116, 115
19+97, 117, 116
19+98, 118, 117
19+99, 119, 118
20+0, 22, 20
20+1, 22, 21
20+3, 22, 23
20+4, 26, 24
20+5, 26, 25
20+6, 27, 26
20+7, 28, 27
20+8, 29, 28
20+9, 30, 29
20+10, 29, 30
20+11, 30, 31
20+12, 30, 32
20+13, 32, 33
20+16, 35, 36
20+18, 37, 38
20+21, 40, 41
20+22, 40, 42
20+23, 44, 43
20+25, 44, 45
20+27, 48, 47
20+28, 49, 48
20+29, 50, 49
20+30, 51, 50
20+32, 53, 52
20+34, 55, 54
20+38, 59, 58
20+41, 60, 61
20+42, 63, 62
20+44, 63, 64
20+46, 67, 66
20+51, 72, 71
20+54, 73, 74
20+55, 74, 75
20+57, 76, 77
20+59, 78, 79
20+66, 87, 86
20+76, 97, 96
20+91, 112, 111
20+94, 115, 114
20+98, 119, 118
20+99, 120, 119
21+0, 19, 21
21+1, 17, 22
21+2, 22, 23
21+3, 22, 24
21+5, 25, 26
21+9, 32, 30
21+10, 30, 31
21+11, 29, 32
21+12, 32, 33
21+15, 35, 36
21+17, 39, 38
21+20, 40, 41
21+21, 41, 42
21+22, 44, 43
21+24, 44, 45
21+27, 49, 48
21+29, 51, 50
21+30, 53, 51
21+33, 55, 54
21+37, 59, 58
21+40, 63, 61
21+41, 63, 62
21+43, 65, 64
21+44, 66, 65
21+45, 67, 66
21+47, 69, 68
21+50, 72, 71
21+51, 73, 72
21+53, 73, 74
21+54, 76, 75
21+61, 83, 82
21+64, 86, 85
21+65, 87, 86
21+66, 88, 87
21+75, 97, 96
21+78, 98, 99
21+79, 101, 100
21+81, 101, 102
21+83, 103, 104
21+89, 111, 110
21+92, 114, 113
21+93, 115, 114
21+97, 119, 118
21+98, 120, 119
21+99, 122, 120
22+1, 22, 23
22+2, 25, 24
22+3, 27, 25
22+4, 27, 26
22+7, 30, 29
22+8, 32, 30
22+9, 32, 31
22+10, 30, 32
22+11, 37, 33
22+14, 37, 36
22+16, 37, 38
22+21, 44, 43
22+23, 44, 45
22+24, 47, 46
22+26, 49, 48
22+27, 50, 49
22+28, 51, 50
22+30, 53, 52
22+31, 52, 53
22+32, 53, 54
22+34, 57, 56
22+36, 59, 58
22+40, 63, 62
22+42, 63, 64
22+43, 66, 65
22+44, 67, 66
22+46, 69, 68
22+50, 73, 72
22+52, 73, 74
22+53, 76, 75
22+63, 86, 85
22+64, 87, 86
22+65, 88, 87
22+70, 93, 92
22+74, 97, 96
22+77, 100, 99
22+89, 112, 111
22+91, 114, 113
22+92, 115, 114
22+96, 119, 118
22+97, 120, 119
22+98, 121, 120
22+99, 122, 121
23+0, 22, 23
23+1, 25, 24
23+2, 27, 25
23+3, 27, 26
23+5, 29, 28
23+6, 30, 29
23+7, 32, 30
23+8, 32, 31
23+10, 32, 33
23+11, 37, 34
23+13, 35, 36
23+15, 37, 38
23+19, 41, 42
23+20, 44, 43
23+22, 44, 45
23+24, 49, 47
23+25, 49, 48
23+26, 50, 49
23+27, 51, 50
23+29, 53, 52
23+31, 53, 54
23+35, 59, 58
23+39, 61, 62
23+41, 63, 64
23+45, 69, 68
23+48, 70, 71
23+49, 71, 72
23+51, 73, 74
23+52, 74, 75
23+54, 76, 77
23+57, 79, 80
23+59, 81, 82
23+63, 87, 86
23+91, 115, 114
23+92, 116, 115
23+97, 121, 120
23+98, 122, 121
23+99, 123, 122
24+0, 22, 24
24+2, 27, 26
24+4, 27, 28
24+7, 32, 31
24+9, 32, 33
24+10, 32, 34
24+11, 37, 35
24+12, 37, 36
24+14, 37, 38
24+15, 37, 39
24+17, 40, 41
24+19, 44, 43
24+21, 47, 45
24+22, 47, 46
24+23, 49, 47
24+24, 49, 48
24+25, 50, 49
24+26, 51, 50
24+28, 53, 52
24+30, 55, 54
24+32, 57, 56
24+34, 59, 58
24+38, 61, 62
24+40, 65, 64
24+44, 69, 68
24+47, 70, 71
24+49, 72, 73
24+50, 73, 74
24+51, 74, 75
24+53, 76, 77
24+55, 78, 79
24+58, 81, 82
24+59, 82, 83
24+62, 87, 86
24+80, 105, 104
24+90, 115, 114
24+91, 116, 115
24+92, 117, 116
24+96, 121, 120
24+97, 122, 121
24+98, 123, 122
24+99, 125, 123
25+0, 26, 25
25+1, 27, 26
25+2, 28, 27
25+3, 29, 28
25+6, 30, 31
25+9, 35, 34
25+11, 37, 36
25+13, 39, 38
25+16, 40, 41
25+17, 41, 42
25+18, 44, 43
25+20, 44, 45
25+21, 47, 46
25+22, 48, 47
25+23, 49, 48
25+24, 50, 49
25+25, 51, 50
25+27, 53, 52
25+29, 55, 54
25+31, 57, 56
25+33, 59, 58
25+37, 61, 62
25+39, 63, 64
25+41, 67, 66
25+43, 69, 68
25+46, 70, 71
25+49, 73, 74
25+50, 74, 75
25+52, 76, 77
25+54, 78, 79
25+55, 79, 80
25+58, 82, 83
25+61, 87, 86
25+74, 100, 99
25+77, 103, 102
25+90, 116, 115
25+91, 117, 116
25+92, 118, 117
25+93, 119, 118
25+95, 121, 120
25+96, 122, 121
25+97, 123, 122
25+98, 125, 123
25+99, 126, 124
26+0, 27, 26
26+2, 29, 28
26+4, 29, 30
26+5, 30, 31
26+8, 35, 34
26+10, 35, 36
26+12, 37, 38
26+14, 39, 40
26+15, 40, 41
26+16, 40, 42
26+17, 44, 43
26+19, 44, 45
26+21, 49, 47
26+22, 49, 48
26+26, 53, 52
26+28, 55, 54
26+32, 59, 58
26+36, 63, 62
26+38, 63, 64
26+42, 69, 68
26+48, 73, 74
26+49, 74, 75
26+51, 76, 77
26+57, 82, 83
26+59, 84, 85
26+60, 87, 86
26+69, 96, 95
26+70, 97, 96
26+89, 116, 115
26+90, 117, 116
26+91, 118, 117
26+92, 119, 118
26+98, 125, 124
26+99, 126, 125
27+1, 29, 28
27+4, 30, 31
27+6, 32, 33
27+7, 35, 34
27+9, 37, 36
27+10, 35, 37
27+11, 39, 38
27+14, 40, 41
27+15, 41, 42
27+16, 44, 43
27+18, 44, 45
27+20, 46, 47
27+21, 49, 48
27+23, 51, 50
27+25, 53, 52
27+27, 55, 54
27+29, 55, 56
27+30, 56, 57
27+31, 59, 58
27+35, 61, 62
27+37, 63, 64
27+41, 69, 68
27+47, 73, 74
27+48, 74, 75
27+50, 76, 77
27+60, 88, 87
27+69, 97, 96
27+72, 100, 99
27+75, 103, 102
27+88, 116, 115
27+89, 117, 116
27+90, 118, 117
27+91, 119, 118
27+93, 121, 120
27+97, 125, 124
27+98, 126, 125
27+99, 127, 126
28+0, 29, 28
28+3, 32, 31
28+5, 32, 33
28+6, 35, 34
28+8, 35, 36
28+11, 40, 39
28+13, 40, 41
28+14, 41, 42
28+15, 44, 43
28+17, 44, 45
28+19, 49, 47
28+20, 49, 48
28+24, 51, 52
28+26, 55, 54
28+28, 55, 56
28+29, 58, 57
28+30, 59, 58
28+34, 61, 62
28+35, 61, 63
28+36, 65, 64
28+40, 69, 68
28+47, 74, 75
28+49, 76, 77
28+55, 82, 83
28+68, 97, 96
28+71, 100, 99
28+74, 103, 102
28+90, 119, 118
28+92, 121, 120
28+96, 125, 124
28+97, 126, 125
28+99, 128, 127
29+1, 32, 30
29+2, 32, 31
29+3, 33, 32
29+5, 33, 34
29+7, 35, 36
29+8, 39, 37
29+9, 39, 38
29+12, 40, 41
29+13, 41, 42
29+14, 44, 43
29+16, 44, 45
29+18, 46, 47
29+19, 49, 48
29+23, 51, 52
29+25, 55, 54
29+27, 55, 56
29+28, 56, 57
29+29, 59, 58
29+31, 59, 60
29+33, 61, 62
29+35, 65, 64
29+39, 69, 68
29+46, 74, 75
29+48, 76, 77
29+54, 82, 83
29+73, 103, 102
29+89, 119, 118
29+91, 121, 120
29+92, 122, 121
29+93, 123, 122
29+95, 125, 124
29+96, 126, 125
29+98, 128, 127
30+1, 29, 31
30+3, 35, 33
30+4, 35, 34
30+6, 37, 36
30+8, 39, 38
30+11, 40, 41
30+12, 40, 42
30+13, 44, 43
30+15, 44, 45
30+18, 49, 48
30+19, 50, 49
30+20, 51, 50
30+21, 50, 51
30+22, 53, 52
30+24, 55, 54
30+26, 55, 56
30+28, 59, 58
30+31, 60, 61
30+32, 61, 62
30+34, 65, 64
30+44, 73, 74
30+45, 74, 75
30+47, 76, 77
30+66, 97, 96
30+69, 98, 99
30+88, 119, 118
30+89, 120, 119
30+94, 123, 124
31+0, 30, 31
31+1, 29, 32
31+2, 32, 33
31+3, 37, 34
31+4, 37, 35
31+5, 37, 36
31+7, 39, 38
31+8, 40, 39
31+10, 40, 41
31+11, 41, 42
31+12, 44, 43
31+14, 44, 45
31+17, 49, 48
31+19, 51, 50
31+20, 53, 51
31+23, 55, 54
31+27, 59, 58
31+30, 63, 61
31+31, 63, 62
31+33, 65, 64
31+34, 66, 65
31+37, 69, 68
31+40, 72, 71
31+41, 73, 72
31+44, 76, 75
31+49, 81, 80
31+51, 83, 82
31+55, 87, 86
31+56, 88, 87
31+61, 93, 92
31+65, 97, 96
31+68, 98, 99
31+83, 115, 114
31+87, 119, 118
31+88, 120, 119
31+89, 121, 120
31+93, 125, 124
32+1, 37, 33
32+2, 37, 34
32+4, 37, 36
32+6, 39, 38
32+7, 40, 39
32+9, 42, 41
32+10, 41, 42
32+11, 44, 43
32+13, 44, 45
32+14, 47, 46
32+16, 49, 48
32+18, 51, 50
32+20, 53, 52
32+21, 52, 53
32+22, 53, 54
32+24, 57, 56
32+26, 59, 58
32+30, 63, 62
32+32, 65, 64
32+33, 66, 65
32+36, 69, 68
32+42, 73, 74
32+43, 76, 75
32+54, 87, 86
32+60, 93, 92
32+64, 97, 96
32+70, 103, 102
32+82, 115, 114
32+88, 121, 120
32+89, 122, 121
32+92, 125, 124
32+99, 130, 131
33+0, 35, 33
33+1, 37, 34
33+2, 37, 35
33+3, 35, 36
33+5, 39, 38
33+6, 40, 39
33+7, 41, 40
33+10, 44, 43
33+12, 44, 45
33+13, 44, 46
33+15, 49, 48
33+17, 51, 50
33+19, 53, 52
33+21, 53, 54
33+25, 59, 58
33+29, 61, 62
33+31, 63, 64
33+35, 69, 68
33+41, 73, 74
33+42, 74, 75
33+44, 76, 77
33+49, 81, 82
33+53, 87, 86
33+81, 115, 114
33+87, 121, 120
33+88, 122, 121
33+91, 125, 124
33+98, 132, 131
34+0, 35, 34
34+1, 37, 35
34+2, 37, 36
34+4, 39, 38
34+9, 42, 43
34+11, 47, 45
34+12, 47, 46
34+13, 49, 47
34+14, 49, 48
34+16, 51, 50
34+18, 53, 52
34+20, 55, 54
34+22, 57, 56
34+24, 59, 58
34+28, 63, 62
34+30, 65, 64
34+34, 69, 68
34+40, 73, 74
34+41, 74, 75
34+43, 76, 77
34+45, 78, 79
34+49, 82, 83
34+52, 87, 86
34+74, 107, 108
34+79, 112, 113
34+81, 116, 115
34+90, 125, 124
34+97, 132, 131
35+1, 37, 36
35+3, 39, 38
35+7, 41, 42
35+10, 44, 45
35+11, 47, 46
35+13, 49, 48
35+15, 51, 50
35+17, 53, 52
35+19, 55, 54
35+21, 57, 56
35+23, 59, 58
35+27, 61, 62
35+29, 65, 64
35+30, 66, 65
35+33, 69, 68
35+40, 74, 75
35+42, 76, 77
35+48, 82, 83
35+73, 107, 108
35+80, 116, 115
35+81, 117, 116
35+83, 119, 118
35+89, 125, 124
35+93, 129, 128
35+96, 132, 131
36+0, 37, 36
36+2, 39, 38
36+5, 40, 41
36+7, 44, 43
36+9, 46, 45
36+12, 49, 48
36+16, 53, 52
36+18, 55, 54
36+22, 59, 58
36+26, 63, 62
36+28, 65, 64
36+29, 66, 65
36+32, 69, 68
36+39, 74, 75
36+41, 76, 77
36+50, 87, 86
36+88, 125, 124
36+89, 126, 125
36+95, 132, 131
36+99, 134, 135
37+1, 39, 38
37+4, 40, 41
37+5, 41, 42
37+6, 44, 43
37+8, 44, 45
37+10, 46, 47
37+11, 49, 48
37+15, 51, 52
37+16, 54, 53
37+17, 55, 54
37+19, 55, 56
37+20, 56, 57
37+21, 59, 58
37+25, 61, 62
37+27, 65, 64
37+31, 69, 68
37+38, 74, 75
37+40, 76, 77
37+46, 82, 83
37+81, 119, 118
37+87, 125, 124
37+94, 132, 131
37+98, 134, 135
37+99, 137, 136
38+0, 39, 38
38+4, 41, 42
38+5, 41, 43
38+7, 44, 45
38+10, 49, 48
38+12, 49, 50
38+14, 51, 52
38+15, 54, 53
38+16, 55, 54
38+18, 55, 56
38+19, 56, 57
38+22, 59, 60
38+23, 60, 61
38+24, 61, 62
38+25, 61, 63
38+26, 65, 64
38+29, 68, 67
38+30, 69, 68
38+37, 74, 75
38+45, 82, 83
38+61, 100, 99
38+77, 116, 115
38+86, 125, 124
38+93, 132, 131
38+98, 137, 136
38+99, 138, 137
39+3, 41, 42
39+4, 41, 43
39+6, 44, 45
39+8, 49, 47
39+9, 49, 48
39+11, 49, 50
39+12, 50, 51
39+13, 51, 52
39+15, 55, 54
39+17, 55, 56
39+18, 56, 57
39+19, 59, 58
39+21, 59, 60
39+22, 60, 61
39+23, 61, 62
39+25, 65, 64
39+29, 69, 68
39+36, 76, 75
39+44, 82, 83
39+85, 123, 124
39+92, 132, 131
39+97, 137, 136
40+1, 40, 41
40+3, 44, 43
40+5, 46, 45
40+6, 47, 46
40+8, 49, 48
40+11, 50, 51
40+14, 55, 54
40+16, 57, 56
40+18, 59, 58
40+21, 60, 61
40+22, 63, 62
40+24, 63, 64
40+26, 67, 66
40+28, 69, 68
40+34, 73, 74
40+35, 76, 75
40+59, 98, 99
40+62, 103, 102
40+64, 105, 104
40+73, 114, 113
40+74, 115, 114
40+78, 119, 118
40+79, 120, 119
40+80, 121, 120
40+84, 125, 124
40+91, 132, 131
40+96, 137, 136
40+97, 138, 137
40+99, 140, 139
41+0, 40, 41
41+1, 40, 42
41+2, 42, 43
41+4, 47, 45
41+5, 47, 46
41+7, 49, 48
41+8, 50, 49
41+13, 53, 54
41+15, 55, 56
41+17, 59, 58
41+20, 62, 61
41+21, 63, 62
41+23, 63, 64
41+27, 69, 68
41+33, 73, 74
41+34, 76, 75
41+37, 79, 78
41+39, 81, 80
41+41, 83, 82
41+51, 93, 92
41+58, 98, 99
41+59, 101, 100
41+61, 103, 102
41+72, 114, 113
41+73, 115, 114
41+74, 116, 115
41+75, 117, 116
41+77, 119, 118
41+78, 120, 119
41+79, 121, 120
41+83, 125, 124
41+90, 132, 131
41+95, 137, 136
41+96, 138, 137
41+97, 139, 138
41+98, 140, 139
42+1, 42, 43
42+3, 44, 45
42+4, 47, 46
42+6, 49, 48
42+7, 50, 49
42+10, 53, 52
42+11, 52, 53
42+12, 53, 54
42+14, 57, 56
42+16, 57, 58
42+19, 60, 61
42+20, 63, 62
42+22, 63, 64
42+26, 69, 68
42+32, 73, 74
42+33, 76, 75
42+44, 87, 86
42+57, 100, 99
42+60, 103, 102
42+62, 105, 104
42+71, 114, 113
42+72, 115, 114
42+73, 116, 115
42+76, 119, 118
42+77, 120, 119
42+78, 121, 120
42+79, 122, 121
42+82, 125, 124
42+89, 132, 131
42+92, 133, 134
42+97, 140, 139
43+0, 44, 43
43+2, 44, 45
43+5, 49, 48
43+7, 51, 50
43+9, 53, 52
43+11, 52, 54
43+12, 53, 55
43+13, 55, 56
43+15, 57, 58
43+17, 59, 60
43+18, 60, 61
43+19, 63, 62
43+21, 63, 64
43+22, 63, 65
43+25, 67, 68
43+31, 73, 74
43+32, 74, 75
43+34, 76, 77
43+56, 98, 99
43+59, 103, 102
43+71, 115, 114
43+72, 116, 115
43+75, 119, 118
43+77, 121, 120
43+78, 122, 121
43+81, 125, 124
43+88, 132, 131
43+91, 133, 134
44+1, 44, 45
44+2, 47, 46
44+4, 49, 48
44+8, 53, 52
44+10, 55, 54
44+11, 54, 55
44+12, 57, 56
44+14, 59, 58
44+17, 60, 61
44+18, 63, 62
44+20, 65, 64
44+21, 63, 65
44+24, 69, 68
44+31, 74, 75
44+55, 98, 99
44+58, 103, 102
44+60, 105, 104
44+70, 115, 114
44+71, 116, 115
44+72, 117, 116
44+74, 119, 118
44+76, 121, 120
44+77, 122, 121
44+80, 125, 124
44+81, 126, 125
44+84, 129, 128
44+87, 132, 131
44+97, 142, 141
44+99, 144, 143
45+0, 44, 45
45+1, 47, 46
45+3, 49, 48
45+7, 53, 52
45+9, 53, 54
45+11, 57, 56
45+13, 59, 58
45+15, 59, 60
45+16, 60, 61
45+17, 63, 62
45+19, 63, 64
45+21, 65, 66
45+23, 67, 68
45+30, 76, 75
45+54, 98, 99
45+57, 103, 102
45+70, 116, 115
45+71, 117, 116
45+73, 119, 118
45+75, 121, 120
45+76, 122, 121
45+79, 125, 124
45+80, 126, 125
45+83, 129, 128
45+86, 132, 131
45+98, 144, 143
46+2, 49, 48
46+5, 50, 51
46+6, 53, 52
46+8, 53, 54
46+10, 55, 56
46+12, 57, 58
46+14, 59, 60
46+15, 60, 61
46+16, 63, 62
46+18, 63, 64
46+21, 66, 67
46+22, 67, 68
46+25, 70, 71
46+28, 73, 74
46+29, 76, 75
46+31, 76, 77
46+40, 87, 86
46+56, 103, 102
46+69, 116, 115
46+70, 117, 116
46+72, 119, 118
46+74, 121, 120
46+75, 122, 121
46+78, 125, 124
46+79, 126, 125
46+85, 132, 131
46+89, 134, 135
46+97, 144, 143
47+1, 49, 48
47+3, 49, 50
47+4, 50, 51
47+5, 51, 52
47+7, 53, 54
47+9, 57, 56
47+10, 56, 57
47+13, 59, 60
47+14, 60, 61
47+15, 61, 62
47+17, 63, 64
47+21, 67, 68
47+24, 70, 71
47+28, 74, 75
47+36, 82, 83
47+71, 119, 118
47+73, 121, 120
47+74, 122, 121
47+77, 125, 124
47+78, 126, 125
47+80, 128, 127
47+84, 132, 131
47+88, 134, 135
47+89, 137, 136
47+96, 144, 143
48+0, 49, 48
48+2, 49, 50
48+4, 51, 52
48+6, 53, 54
48+8, 55, 56
48+12, 59, 60
48+13, 60, 61
48+14, 61, 62
48+16, 63, 64
48+22, 69, 70
48+23, 70, 71
48+27, 74, 75
48+35, 82, 83
48+38, 87, 86
48+67, 116, 115
48+70, 119, 118
48+72, 121, 120
48+73, 122, 121
48+76, 125, 124
48+79, 128, 127
48+83, 132, 131
48+95, 144, 143
49+1, 49, 50
49+3, 51, 52
49+5, 53, 54
49+9, 59, 58
49+11, 59, 60
49+12, 59, 61
49+13, 61, 62
49+15, 63, 64
49+19, 69, 68
49+21, 69, 70
49+22, 70, 71
49+26, 76, 75
49+34, 82, 83
49+37, 87, 86
49+50, 98, 99
49+53, 103, 102
49+64, 114, 113
49+65, 115, 114
49+66, 116, 115
49+69, 119, 118
49+71, 121, 120
49+72, 122, 121
49+73, 123, 122
49+75, 125, 124
49+78, 128, 127
49+82, 132, 131
49+94, 144, 143
50+0, 49, 50
50+1, 49, 51
50+2, 50, 52
50+6, 55, 56
50+8, 57, 58
50+10, 59, 60
50+11, 60, 61
50+12, 60, 62
50+14, 63, 64
50+18, 69, 68
50+21, 70, 71
50+24, 73, 74
50+25, 74, 75
50+49, 98, 99
50+61, 112, 111
50+63, 114, 113
50+64, 115, 114
50+65, 116, 115
50+66, 117, 116
50+68, 119, 118
50+69, 120, 119
50+70, 121, 120
50+71, 122, 121
50+72, 123, 122
50+74, 125, 124
50+75, 126, 125
50+77, 128, 127
50+78, 129, 128
50+79, 130, 129
50+81, 132, 131
50+84, 135, 134
50+86, 137, 136
50+87, 138, 137
50+93, 144, 143
50+97, 148, 147
50+98, 149, 148
51+0, 50, 51
51+1, 50, 52
51+2, 52, 53
51+5, 57, 56
51+7, 59, 58
51+8, 60, 59
51+10, 60, 61
51+11, 63, 62
51+13, 63, 64
51+17, 69, 68
51+23, 73, 74
51+24, 76, 75
51+29, 81, 80
51+48, 98, 99
51+49, 101, 100
51+51, 103, 102
51+62, 114, 113
51+63, 115, 114
51+64, 116, 115
51+65, 117, 116
51+67, 119, 118
51+68, 120, 119
51+69, 121, 120
51+70, 122, 121
51+71, 123, 122
51+73, 125, 124
51+74, 126, 125
51+76, 128, 127
51+78, 130, 129
51+80, 132, 131
51+85, 137, 136
51+87, 139, 138
51+88, 140, 139
51+92, 142, 143
51+96, 148, 147
51+97, 149, 148
51+98, 150, 149
52+0, 53, 52
52+1, 50, 53
52+4, 57, 56
52+9, 60, 61
52+10, 63, 62
52+12, 63, 64
52+22, 73, 74
52+23, 76, 75
52+34, 87, 86
52+47, 98, 99
52+50, 103, 102
52+61, 114, 113
52+62, 115, 114
52+63, 116, 115
52+66, 119, 118
52+67, 120, 119
52+68, 121, 120
52+69, 122, 121
52+72, 125, 124
52+75, 128, 127
52+79, 132, 131
52+82, 133, 134
52+87, 140, 139
52+91, 142, 143
52+97, 150, 149
52+99, 150, 151
53+1, 52, 54
53+3, 55, 56
53+5, 57, 58
53+8, 60, 61
53+9, 61, 62
53+11, 63, 64
53+12, 63, 65
53+13, 65, 66
53+14, 66, 67
53+15, 67, 68
53+19, 71, 72
53+21, 73, 74
53+22, 74, 75
53+24, 76, 77
53+46, 98, 99
53+61, 115, 114
53+62, 116, 115
53+65, 119, 118
53+67, 121, 120
53+68, 122, 121
53+71, 125, 124
53+74, 128, 127
53+75, 129, 128
53+78, 132, 131
53+81, 133, 134
53+88, 140, 141
53+90, 142, 143
53+92, 144, 145
53+94, 146, 147
53+98, 150, 151
53+99, 151, 152
54+1, 54, 55
54+2, 57, 56
54+4, 57, 58
54+6, 59, 60
54+7, 60, 61
54+8, 61, 62
54+10, 63, 64
54+11, 63, 65
54+12, 65, 66
54+13, 66, 67
54+14, 67, 68
54+17, 70, 71
54+20, 73, 74
54+21, 73, 75
54+23, 76, 77
54+25, 78, 79
54+31, 84, 85
54+45, 98, 99
54+48, 103, 102
54+60, 115, 114
54+61, 116, 115
54+62, 117, 116
54+64, 119, 118
54+66, 121, 120
54+67, 122, 121
54+70, 125, 124
54+71, 126, 125
54+73, 128, 127
54+74, 129, 128
54+77, 132, 131
54+79, 134, 133
54+89, 142, 143
54+92, 145, 146
54+93, 146, 147
54+97, 153, 151
54+98, 153, 152
55+1, 57, 56
55+3, 57, 58
55+5, 59, 60
55+6, 60, 61
55+7, 61, 62
55+9, 63, 64
55+11, 65, 66
55+13, 67, 68
55+20, 76, 75
55+22, 76, 77
55+44, 98, 99
55+47, 103, 102
55+53, 107, 108
55+60, 116, 115
55+61, 117, 116
55+63, 119, 118
55+65, 121, 120
55+66, 122, 121
55+67, 123, 122
55+69, 125, 124
55+70, 126, 125
55+71, 127, 126
55+72, 128, 127
55+73, 129, 128
55+74, 130, 129
55+75, 131, 130
55+76, 132, 131
55+88, 144, 143
55+92, 146, 147
55+96, 153, 151
55+97, 153, 152
56+0, 55, 56
56+4, 59, 60
56+5, 60, 61
56+6, 61, 62
56+8, 63, 64
56+11, 66, 67
56+12, 67, 68
56+15, 70, 71
56+19, 74, 75
56+21, 76, 77
56+24, 79, 80
56+27, 82, 83
56+30, 87, 86
56+43, 98, 99
56+52, 107, 108
56+60, 117, 116
56+62, 119, 118
56+64, 121, 120
56+65, 122, 121
56+68, 125, 124
56+69, 126, 125
56+71, 128, 127
56+72, 129, 128
56+74, 131, 130
56+75, 132, 131
56+79, 134, 135
56+87, 144, 143
56+91, 146, 147
56+95, 153, 151
56+96, 153, 152
56+98, 155, 154
57+0, 56, 57
57+1, 57, 58
57+3, 59, 60
57+4, 60, 61
57+5, 60, 62
57+6, 61, 63
57+7, 63, 64
57+8, 63, 65
57+9, 65, 66
57+10, 66, 67
57+11, 67, 68
57+13, 69, 70
57+14, 70, 71
57+15, 71, 72
57+18, 74, 75
57+20, 76, 77
57+21, 77, 78
57+22, 78, 79
57+23, 79, 80
57+26, 82, 83
57+28, 84, 85
57+61, 119, 118
57+63, 121, 120
57+67, 125, 124
57+70, 128, 127
57+71, 129, 128
57+73, 131, 130
57+74, 132, 131
57+78, 134, 135
57+79, 137, 136
57+86, 144, 143
57+89, 145, 146
57+90, 146, 147
57+94, 153, 151
57+95, 153, 152
57+97, 155, 154
57+99, 155, 156
58+0, 57, 58
58+2, 59, 60
58+3, 60, 61
58+4, 61, 62
58+5, 61, 63
58+6, 63, 64
58+7, 63, 65
58+8, 65, 66
58+12, 69, 70
58+13, 70, 71
58+14, 71, 72
58+17, 74, 75
58+19, 76, 77
58+22, 79, 80
58+25, 82, 83
58+55, 114, 113
58+57, 116, 115
58+60, 119, 118
58+62, 121, 120
58+66, 125, 124
58+67, 126, 125
58+69, 128, 127
58+70, 129, 128
58+73, 132, 131
58+74, 133, 132
58+79, 138, 137
58+85, 144, 143
58+93, 153, 151
58+94, 153, 152
58+96, 155, 154
59+1, 59, 60
59+2, 60, 61
59+3, 61, 62
59+4, 61, 63
59+5, 63, 64
59+6, 63, 65
59+7, 65, 66
59+11, 69, 70
59+12, 70, 71
59+13, 71, 72
59+14, 72, 73
59+15, 73, 74
59+16, 74, 75
59+18, 76, 77
59+21, 79, 80
59+22, 80, 81
59+24, 82, 83
59+40, 98, 99
59+54, 114, 113
59+55, 115, 114
59+56, 116, 115
59+61, 121, 120
59+65, 125, 124
59+72, 132, 131
59+73, 133, 132
59+84, 144, 143
59+88, 146, 147
59+92, 153, 151
59+93, 153, 152
59+95, 155, 154
60+0, 59, 60
60+1, 60, 61
60+2, 63, 62
60+4, 63, 64
60+15, 76, 75
60+26, 87, 86
60+39, 98, 99
60+64, 125, 124
60+71, 132, 131
60+81, 140, 141
60+83, 142, 143
60+91, 150, 151
60+92, 153, 152
60+94, 155, 154
60+99, 158, 159
61+0, 60, 61
61+3, 63, 64
61+4, 66, 65
61+5, 67, 66
61+6, 68, 67
61+7, 69, 68
61+8, 70, 69
61+9, 71, 70
61+13, 73, 74
61+14, 76, 75
61+17, 79, 78
61+19, 81, 80
61+21, 81, 82
61+38, 98, 99
61+52, 114, 113
61+53, 115, 114
61+57, 119, 118
61+58, 120, 119
61+59, 121, 120
61+63, 125, 124
61+70, 132, 131
61+78, 140, 139
61+80, 140, 141
61+82, 142, 143
61+87, 149, 148
61+90, 150, 151
61+91, 153, 152
61+93, 155, 154
61+97, 159, 158
62+2, 63, 64
62+12, 73, 74
62+13, 74, 75
62+37, 98, 99
62+58, 121, 120
62+59, 122, 121
62+62, 125, 124
62+69, 130, 131
62+81, 142, 143
62+85, 146, 147
62+89, 150, 151
62+90, 153, 152
62+92, 153, 154
63+1, 63, 64
63+5, 67, 68
63+9, 71, 72
63+11, 73, 74
63+12, 74, 75
63+14, 76, 77
63+19, 81, 82
63+36, 98, 99
63+57, 121, 120
63+61, 125, 124
63+68, 130, 131
63+78, 140, 141
63+80, 142, 143
63+82, 144, 145
63+83, 145, 146
63+84, 146, 147
63+88, 150, 151
63+89, 151, 152
63+91, 153, 154
63+94, 156, 157
63+99, 161, 162
64+0, 63, 64
64+1, 64, 65
64+4, 67, 68
64+7, 70, 71
64+8, 71, 72
64+11, 74, 75
64+13, 76, 77
64+18, 81, 82
64+21, 84, 85
64+50, 115, 114
64+51, 116, 115
64+56, 121, 120
64+57, 122, 121
64+60, 125, 124
64+64, 129, 128
64+67, 132, 131
64+79, 144, 143
64+82, 145, 146
64+83, 146, 147
64+87, 152, 151
64+88, 153, 152
64+90, 153, 154
64+93, 156, 157
64+98, 161, 162
65+1, 65, 66
65+3, 67, 68
65+5, 69, 70
65+6, 70, 71
65+7, 71, 72
65+9, 73, 74
65+10, 76, 75
65+34, 98, 99
65+43, 107, 108
65+50, 116, 115
65+51, 117, 116
65+55, 121, 120
65+56, 122, 121
65+59, 125, 124
65+63, 129, 128
65+66, 132, 131
65+78, 142, 143
65+82, 146, 147
65+86, 150, 151
65+87, 153, 152
65+92, 156, 157
65+97, 163, 162
66+0, 65, 66
66+2, 67, 68
66+4, 69, 70
66+5, 70, 71
66+6, 71, 72
66+8, 73, 74
66+9, 74, 75
66+11, 76, 77
66+16, 81, 82
66+20, 87, 86
66+54, 121, 120
66+58, 125, 124
66+65, 132, 131
66+69, 134, 135
66+77, 144, 143
66+80, 145, 146
66+81, 146, 147
66+85, 150, 151
66+86, 153, 152
66+88, 155, 154
66+91, 156, 157
66+92, 157, 158
66+96, 161, 162
67+0, 66, 67
67+1, 67, 68
67+3, 69, 70
67+4, 70, 71
67+5, 71, 72
67+6, 72, 73
67+7, 73, 74
67+8, 74, 75
67+13, 79, 80
67+15, 81, 82
67+18, 84, 85
67+22, 88, 89
67+24, 90, 91
67+53, 121, 120
67+57, 125, 124
67+64, 132, 131
67+68, 134, 135
67+76, 144, 143
67+78, 144, 145
67+79, 145, 146
67+80, 146, 147
67+84, 152, 151
67+85, 153, 152
67+87, 155, 154
67+89, 155, 156
67+90, 156, 157
67+95, 161, 162
68+0, 67, 68
68+2, 69, 70
68+3, 70, 71
68+4, 71, 72
68+5, 72, 73
68+6, 73, 74
68+7, 74, 75
68+9, 76, 77
68+14, 81, 82
68+45, 114, 113
68+47, 116, 115
68+56, 125, 124
68+59, 128, 127
68+75, 144, 143
68+78, 145, 146
68+79, 146, 147
68+83, 152, 151
68+84, 153, 152
68+86, 155, 154
68+88, 155, 156
68+89, 156, 157
68+94, 163, 162
68+96, 165, 164
68+98, 167, 166
69+1, 69, 70
69+2, 70, 71
69+5, 73, 74
69+6, 74, 75
69+8, 76, 77
69+9, 79, 78
69+11, 79, 80
69+13, 81, 82
69+14, 82, 83
69+16, 84, 85
69+21, 89, 90
69+22, 90, 91
69+30, 98, 99
69+44, 114, 113
69+45, 115, 114
69+46, 116, 115
69+55, 125, 124
69+74, 142, 143
69+76, 144, 145
69+77, 145, 146
69+78, 146, 147
69+82, 152, 151
69+83, 153, 152
69+85, 153, 154
69+87, 155, 156
69+88, 156, 157
69+91, 161, 160
69+93, 163, 162
69+95, 163, 164
69+97, 167, 166
69+99, 167, 168
70+0, 69, 70
70+1, 70, 71
70+2, 71, 72
70+4, 73, 74
70+5, 74, 75
70+7, 76, 77
70+12, 81, 82
70+15, 84, 85
70+21, 90, 91
70+22, 91, 92
70+29, 98, 99
70+50, 121, 120
70+54, 125, 124
70+61, 132, 131
70+73, 144, 143
70+81, 152, 151
70+82, 153, 152
70+84, 155, 154
70+89, 158, 159
70+90, 159, 160
70+92, 161, 162
70+94, 165, 164
70+96, 167, 166
70+98, 167, 168
70+99, 168, 169
71+0, 70, 71
71+1, 71, 72
71+3, 73, 74
71+4, 74, 75
71+6, 78, 77
71+7, 79, 78
71+8, 80, 79
71+9, 81, 80
71+11, 81, 82
71+14, 84, 85
71+28, 98, 99
71+42, 114, 113
71+43, 115, 114
71+44, 116, 115
71+45, 117, 116
71+47, 119, 118
71+48, 120, 119
71+49, 121, 120
71+53, 125, 124
71+56, 128, 127
71+60, 132, 131
71+72, 144, 143
71+77, 149, 148
71+78, 150, 149
71+80, 150, 151
71+81, 153, 152
71+83, 155, 154
71+87, 159, 158
71+91, 161, 162
71+93, 163, 164
71+95, 167, 166
71+98, 168, 169
71+99, 171, 170
72+0, 71, 72
72+1, 72, 73
72+2, 73, 74
72+3, 74, 75
72+5, 76, 77
72+8, 81, 80
72+10, 81, 82
72+13, 84, 85
72+27, 98, 99
72+46, 119, 118
72+47, 120, 119
72+48, 121, 120
72+49, 122, 121
72+52, 125, 124
72+59, 132, 131
72+71, 144, 143
72+75, 146, 147
72+79, 150, 151
72+80, 153, 152
72+82, 153, 154
72+85, 156, 157
72+88, 159, 160
72+90, 161, 162
72+92, 163, 164
72+94, 167, 166
72+97, 171, 169
72+98, 171, 170
73+0, 72, 73
73+1, 73, 74
73+2, 74, 75
73+4, 76, 77
73+7, 79, 80
73+9, 81, 82
73+12, 84, 85
73+26, 98, 99
73+47, 121, 120
73+51, 125, 124
73+68, 140, 141
73+70, 144, 143
73+74, 146, 147
73+78, 150, 151
73+79, 153, 152
73+81, 155, 154
73+84, 156, 157
73+89, 161, 162
73+91, 163, 164
73+96, 168, 169
73+97, 171, 170
73+99, 171, 172
74+0, 73, 74
74+1, 74, 75
74+3, 76, 77
74+6, 79, 80
74+8, 81, 82
74+11, 84, 85
74+18, 91, 92
74+25, 98, 99
74+40, 115, 114
74+41, 116, 115
74+44, 119, 118
74+46, 121, 120
74+47, 122, 121
74+50, 125, 124
74+53, 128, 127
74+54, 129, 128
74+57, 132, 131
74+69, 144, 143
74+73, 146, 147
74+77, 152, 151
74+78, 153, 152
74+80, 155, 154
74+88, 161, 162
74+90, 163, 164
74+96, 171, 170
74+98, 171, 172
74+99, 171, 173
75+0, 74, 75
75+1, 74, 76
75+2, 76, 77
75+3, 77, 78
75+5, 79, 80
75+7, 81, 82
75+24, 98, 99
75+33, 107, 108
75+40, 116, 115
75+45, 121, 120
75+46, 122, 121
75+49, 125, 124
75+50, 126, 125
75+53, 129, 128
75+54, 130, 129
75+55, 131, 130
75+56, 132, 131
75+68, 142, 143
75+72, 146, 147
75+76, 150, 151
75+77, 153, 152
75+79, 155, 154
75+87, 161, 162
75+94, 171, 169
75+95, 171, 170
75+97, 171, 172
76+0, 74, 76
76+1, 76, 77
76+2, 77, 78
76+4, 79, 80
76+6, 81, 82
76+8, 83, 84
76+9, 84, 85
76+16, 91, 92
76+23, 98, 99
76+29, 104, 105
76+44, 121, 120
76+48, 125, 124
76+55, 132, 131
76+59, 134, 135
76+67, 144, 143
76+71, 146, 147
76+75, 150, 151
76+76, 153, 152
76+78, 155, 154
76+86, 161, 162
76+94, 171, 170
76+96, 171, 172
76+99, 174, 175
77+0, 76, 77
77+1, 76, 78
77+3, 79, 80
77+5, 81, 82
77+7, 83, 84
77+8, 84, 85
77+9, 85, 86
77+12, 88, 89
77+13, 89, 90
77+14, 90, 91
77+15, 91, 92
77+17, 93, 94
77+22, 98, 99
77+25, 101, 102
77+28, 104, 105
77+43, 121, 120
77+47, 125, 124
77+50, 128, 127
77+54, 132, 131
77+58, 134, 135
77+59, 137, 136
77+66, 144, 143
77+70, 146, 147
77+74, 152, 151
77+75, 153, 152
77+77, 155, 154
77+79, 155, 156
77+80, 156, 157
77+85, 161, 162
77+89, 167, 166
77+93, 171, 170
77+95, 171, 172
77+98, 174, 175
78+0, 76, 78
78+2, 79, 80
78+4, 81, 82
78+5, 82, 83
78+6, 83, 84
78+7, 84, 85
78+8, 85, 86
78+9, 86, 87
78+35, 114, 113
78+37, 116, 115
78+40, 119, 118
78+46, 125, 124
78+49, 128, 127
78+50, 129, 128
78+54, 133, 132
78+59, 138, 137
78+65, 144, 143
78+73, 152, 151
78+74, 153, 152
78+76, 155, 154
78+82, 161, 160
78+84, 163, 162
78+86, 165, 164
78+88, 167, 166
78+92, 171, 170
78+94, 171, 172
78+97, 176, 175
79+1, 79, 80
79+2, 80, 81
79+3, 81, 82
79+5, 83, 84
79+6, 84, 85
79+7, 85, 86
79+8, 86, 87
79+9, 87, 88
79+12, 90, 91
79+20, 98, 99
79+45, 125, 124
79+64, 142, 143
79+66, 144, 145
79+67, 145, 146
79+68, 146, 147
79+72, 152, 151
79+73, 153, 152
79+75, 153, 154
79+77, 155, 156
79+78, 156, 157
79+81, 161, 160
79+83, 163, 162
79+85, 163, 164
79+89, 167, 168
79+90, 168, 169
79+91, 171, 170
79+93, 171, 172
79+95, 173, 174
79+96, 174, 175
79+99, 177, 178
80+0, 79, 80
80+2, 81, 82
80+3, 82, 83
80+5, 84, 85
80+6, 85, 86
80+9, 88, 89
80+19, 98, 99
80+22, 101, 102
80+44, 123, 124
80+63, 142, 143
80+66, 145, 146
80+67, 146, 147
80+71, 152, 151
80+72, 153, 152
80+74, 155, 154
80+76, 155, 156
80+77, 156, 157
80+80, 159, 160
80+82, 163, 162
80+84, 163, 164
80+88, 167, 168
80+89, 168, 169
80+90, 171, 170
80+92, 171, 172
80+95, 174, 175
80+98, 177, 178
80+99, 177, 179
81+1, 81, 82
81+2, 81, 83
81+3, 83, 84
81+4, 84, 85
81+18, 98, 99
81+34, 116, 115
81+35, 117, 116
81+37, 119, 118
81+38, 120, 119
81+39, 121, 120
81+43, 125, 124
81+50, 132, 131
81+62, 144, 143
81+66, 146, 147
81+70, 152, 151
81+71, 153, 152
81+73, 155, 154
81+81, 161, 162
81+83, 163, 164
81+88, 168, 169
81+89, 169, 170
81+91, 171, 172
81+94, 176, 175
81+97, 177, 178
81+99, 179, 180
82+0, 81, 82
82+1, 81, 83
82+2, 83, 84
82+3, 84, 85
82+4, 85, 86
82+17, 98, 99
82+38, 121, 120
82+42, 123, 124
82+49, 130, 131
82+61, 144, 143
82+64, 145, 146
82+65, 146, 147
82+69, 150, 151
82+70, 153, 152
82+72, 153, 154
82+75, 156, 157
82+80, 161, 162
82+82, 163, 164
82+86, 167, 168
82+87, 168, 169
82+88, 171, 170
82+90, 171, 172
82+93, 176, 175
82+96, 177, 178
82+99, 180, 181
83+0, 82, 83
83+2, 84, 85
83+3, 85, 86
83+6, 88, 89
83+7, 89, 90
83+8, 90, 91
83+9, 91, 92
83+16, 98, 99
83+37, 121, 120
83+41, 123, 124
83+48, 130, 131
83+58, 140, 141
83+60, 144, 143
83+63, 145, 146
83+64, 146, 147
83+68, 150, 151
83+69, 153, 152
83+71, 155, 154
83+74, 156, 157
83+79, 161, 162
83+81, 165, 164
83+85, 167, 168
83+86, 168, 169
83+87, 171, 170
83+89, 171, 172
83+92, 174, 175
83+94, 176, 177
83+95, 177, 178
83+97, 179, 180
83+98, 180, 181
83+99, 183, 182
84+0, 83, 84
84+1, 84, 85
84+2, 85, 86
84+4, 87, 88
84+5, 88, 89
84+6, 89, 90
84+7, 90, 91
84+8, 91, 92
84+9, 92, 93
84+15, 98, 99
84+18, 101, 102
84+30, 115, 114
84+31, 116, 115
84+36, 121, 120
84+37, 122, 121
84+40, 125, 124
84+59, 144, 143
84+63, 146, 147
84+66, 149, 150
84+67, 152, 151
84+68, 153, 152
84+70, 155, 154
84+73, 156, 157
84+78, 161, 162
84+80, 163, 164
84+86, 171, 170
84+88, 171, 172
84+89, 171, 173
84+90, 173, 174
84+91, 176, 175
84+94, 177, 178
84+96, 179, 180
84+97, 183, 181
84+98, 183, 182
85+0, 84, 85
85+1, 85, 86
85+3, 87, 88
85+4, 88, 89
85+5, 89, 90
85+6, 90, 91
85+7, 91, 92
85+9, 93, 94
85+14, 98, 99
85+30, 116, 115
85+35, 121, 120
85+39, 125, 124
85+56, 140, 141
85+58, 142, 143
85+62, 146, 147
85+65, 149, 150
85+66, 150, 151
85+67, 153, 152
85+69, 155, 154
85+75, 159, 160
85+77, 161, 162
85+81, 167, 166
85+85, 171, 170
85+87, 171, 172
85+90, 176, 175
85+91, 177, 176
85+93, 177, 178
85+96, 183, 181
85+97, 183, 182
86+0, 85, 86
86+1, 86, 87
86+2, 87, 88
86+3, 88, 89
86+4, 89, 90
86+5, 90, 91
86+6, 91, 92
86+8, 93, 94
86+19, 104, 105
86+38, 123, 124
86+41, 126, 127
86+49, 134, 135
86+55, 140, 141
86+57, 142, 143
86+61, 146, 147
86+64, 149, 150
86+65, 150, 151
86+66, 153, 152
86+68, 155, 154
86+76, 161, 162
86+83, 168, 169
86+84, 171, 170
86+86, 171, 172
86+87, 171, 173
86+89, 174, 175
86+92, 177, 178
86+93, 177, 179
86+94, 179, 180
86+95, 180, 181
86+96, 183, 182
86+99, 184, 185
87+0, 86, 87
87+1, 87, 88
87+2, 88, 89
87+3, 89, 90
87+4, 90, 91
87+5, 91, 92
87+6, 92, 93
87+7, 93, 94
87+8, 94, 95
87+9, 95, 96
87+15, 101, 102
87+18, 104, 105
87+37, 125, 124
87+48, 134, 135
87+49, 137, 136
87+56, 142, 143
87+60, 146, 147
87+64, 152, 151
87+65, 153, 152
87+67, 155, 154
87+70, 156, 157
87+75, 161, 162
87+79, 167, 166
87+83, 171, 170
87+85, 171, 172
87+88, 174, 175
87+91, 177, 178
87+93, 179, 180
87+94, 180, 181
87+95, 183, 182
87+98, 184, 185
87+99, 184, 186
88+0, 87, 88
88+1, 88, 89
88+2, 89, 90
88+3, 90, 91
88+4, 91, 92
88+6, 93, 94
88+7, 94, 95
88+8, 95, 96
88+14, 101, 102
88+36, 125, 124
88+49, 138, 137
88+55, 142, 143
88+59, 148, 147
88+63, 152, 151
88+64, 153, 152
88+66, 153, 154
88+69, 158, 157
88+72, 161, 160
88+74, 161, 162
88+76, 163, 164
88+78, 167, 166
88+81, 168, 169
88+82, 171, 170
88+84, 171, 172
88+87, 176, 175
88+90, 177, 178
88+91, 177, 179
88+93, 180, 181
88+94, 183, 182
88+97, 184, 185
88+99, 188, 187
89+0, 88, 89
89+1, 89, 90
89+2, 90, 91
89+3, 91, 92
89+4, 92, 93
89+5, 93, 94
89+6, 94, 95
89+7, 95, 96
89+8, 96, 97
89+9, 97, 98
89+10, 98, 99
89+13, 101, 102
89+35, 123, 124
89+54, 142, 143
89+56, 144, 145
89+57, 145, 146
89+58, 146, 147
89+62, 152, 151
89+63, 153, 152
89+65, 153, 154
89+67, 155, 156
89+68, 156, 157
89+73, 161, 162
89+75, 163, 164
89+80, 168, 169
89+81, 171, 170
89+83, 171, 172
89+85, 173, 174
89+86, 174, 175
89+89, 177, 178
89+91, 179, 180
89+92, 183, 181
89+93, 183, 182
89+96, 184, 185
89+98, 188, 187
89+99, 189, 188
90+8, 97, 98
90+9, 98, 99
90+12, 101, 102
90+30, 121, 120
90+34, 123, 124
90+41, 132, 131
90+53, 142, 143
90+55, 144, 145
90+56, 145, 146
90+57, 146, 147
90+59, 150, 149
90+61, 153, 151
90+62, 153, 152
90+64, 153, 154
90+66, 155, 156
90+67, 156, 157
90+72, 163, 162
90+74, 163, 164
90+80, 171, 170
90+82, 171, 172
90+85, 174, 175
90+88, 177, 178
90+91, 180, 181
90+92, 183, 182
90+95, 184, 185
90+97, 188, 187
91+1, 91, 92
91+5, 97, 96
91+8, 98, 99
91+9, 101, 100
91+11, 101, 102
91+27, 119, 118
91+28, 120, 119
91+29, 121, 120
91+33, 125, 124
91+36, 128, 127
91+40, 132, 131
91+52, 144, 143
91+55, 145, 146
91+56, 146, 147
91+60, 152, 151
91+61, 153, 152
91+63, 155, 154
91+66, 156, 157
91+71, 163, 162
91+73, 165, 164
91+79, 171, 170
91+81, 171, 172
91+84, 174, 175
91+87, 177, 178
91+89, 179, 180
91+90, 183, 181
91+91, 183, 182
91+94, 184, 185
91+96, 188, 187
91+99, 189, 190
92+7, 98, 99
92+8, 99, 100
92+28, 121, 120
92+32, 123, 124
92+39, 130, 131
92+51, 142, 143
92+53, 144, 145
92+54, 145, 146
92+55, 146, 147
92+56, 147, 148
92+59, 153, 151
92+60, 153, 152
92+62, 155, 154
92+65, 156, 157
92+66, 157, 158
92+70, 161, 162
92+72, 163, 164
92+78, 171, 170
92+80, 171, 172
92+83, 174, 175
92+86, 177, 178
92+88, 179, 180
92+89, 180, 181
92+90, 183, 182
92+93, 184, 185
92+95, 189, 187
92+96, 189, 188
92+99, 192, 191
93+6, 98, 99
93+7, 99, 100
93+8, 100, 101
93+9, 101, 102
93+12, 104, 105
93+27, 121, 120
93+31, 123, 124
93+50, 144, 143
93+53, 145, 146
93+54, 146, 147
93+58, 153, 151
93+59, 153, 152
93+61, 155, 154
93+64, 156, 157
93+69, 163, 162
93+71, 165, 164
93+77, 171, 170
93+79, 171, 172
93+82, 176, 175
93+84, 176, 177
93+85, 177, 178
93+87, 179, 180
93+88, 180, 181
93+89, 183, 182
93+91, 183, 184
93+92, 184, 185
93+93, 184, 186
93+94, 186, 187
93+95, 189, 188
93+97, 189, 190
93+98, 190, 191
94+4, 97, 98
94+5, 98, 99
94+6, 99, 100
94+7, 100, 101
94+8, 101, 102
94+9, 102, 103
94+26, 121, 120
94+27, 122, 121
94+30, 125, 124
94+49, 144, 143
94+53, 146, 147
94+55, 148, 149
94+56, 149, 150
94+57, 152, 151
94+58, 153, 152
94+60, 155, 154
94+63, 156, 157
94+66, 159, 160
94+68, 163, 162
94+70, 163, 164
94+76, 171, 170
94+78, 171, 172
94+80, 173, 174
94+81, 176, 175
94+84, 177, 178
94+86, 179, 180
94+87, 180, 181
94+88, 183, 182
94+91, 184, 185
94+93, 188, 187
94+94, 189, 188
94+96, 189, 190
94+97, 192, 191
94+99, 192, 193
95+4, 98, 99
95+5, 99, 100
95+7, 101, 102
95+9, 103, 104
95+13, 107, 108
95+25, 121, 120
95+29, 125, 124
95+32, 126, 127
95+46, 140, 141
95+48, 142, 143
95+52, 146, 147
95+54, 148, 149
95+55, 149, 150
95+56, 150, 151
95+57, 153, 152
95+59, 155, 154
95+65, 159, 160
95+67, 161, 162
95+69, 165, 164
95+71, 167, 166
95+75, 171, 170
95+77, 171, 172
95+80, 176, 175
95+81, 177, 176
95+83, 177, 178
95+86, 183, 181
95+87, 183, 182
95+90, 186, 185
95+92, 188, 187
95+93, 189, 188
95+95, 192, 190
95+96, 192, 191
95+98, 195, 193
95+99, 195, 194
96+0, 95, 96
96+3, 98, 99
96+4, 99, 100
96+6, 101, 102
96+8, 103, 104
96+12, 107, 108
96+19, 114, 115
96+22, 117, 118
96+28, 123, 124
96+31, 126, 127
96+45, 140, 141
96+47, 142, 143
96+51, 146, 147
96+54, 149, 150
96+55, 152, 151
96+56, 153, 152
96+58, 155, 154
96+61, 158, 157
96+62, 159, 158
96+66, 161, 162
96+68, 165, 164
96+69, 166, 165
96+74, 171, 170
96+76, 171, 172
96+79, 176, 175
96+82, 177, 178
96+84, 179, 180
96+85, 183, 181
96+86, 183, 182
96+89, 184, 185
96+91, 186, 187
96+94, 189, 190
96+95, 192, 191
96+97, 192, 193
96+98, 195, 194
97+1, 97, 98
97+2, 98, 99
97+3, 99, 100
97+5, 101, 102
97+7, 103, 104
97+8, 104, 105
97+11, 107, 108
97+21, 117, 118
97+27, 125, 124
97+39, 137, 136
97+44, 140, 141
97+46, 142, 143
97+50, 146, 147
97+54, 152, 151
97+55, 153, 152
97+57, 155, 154
97+60, 156, 157
97+61, 159, 158
97+65, 161, 162
97+68, 166, 165
97+69, 167, 166
97+72, 171, 169
97+73, 171, 170
97+75, 171, 172
97+78, 176, 175
97+79, 177, 176
97+81, 177, 178
97+83, 179, 180
97+84, 180, 181
97+85, 183, 182
97+88, 184, 185
97+90, 188, 187
97+91, 186, 188
97+93, 189, 190
97+94, 190, 191
97+96, 192, 193
97+97, 195, 194
97+99, 195, 196
98+0, 97, 98
98+1, 98, 99
98+17, 116, 115
98+18, 117, 116
98+26, 125, 124
98+29, 128, 127
98+30, 129, 128
98+38, 137, 136
98+39, 138, 137
98+45, 142, 143
98+49, 148, 147
98+52, 152, 150
98+53, 152, 151
98+54, 153, 152
98+56, 155, 154
98+59, 158, 157
98+60, 159, 158
98+61, 160, 159
98+62, 161, 160
98+64, 163, 162
98+66, 165, 164
98+68, 167, 166
98+69, 168, 167
98+71, 171, 169
98+72, 171, 170
98+74, 173, 172
98+77, 176, 175
98+78, 177, 176
98+79, 179, 177
98+80, 179, 178
98+83, 183, 181
98+84, 183, 182
98+85, 184, 183
98+87, 186, 185
98+88, 188, 186
98+89, 189, 187
98+90, 189, 188
98+91, 188, 189
98+92, 189, 190
98+93, 190, 191
98+95, 195, 193
98+96, 195, 194
98+98, 195, 196
98+99, 195, 197
